{
  "profit_amplifier": 6.037724259507192,
  "learning_rate": 6.786776766081334e-05,
  "batch_size": 256,
  "max_speed_multiplier": 6.862528132298237
}