{
  "episode": 49,
  "timestamp": "2025-07-25T13:40:57.543938",
  "training_state": {
    "session_start_time": 1753417499.0270116,
    "current_agent": "AgentTwinD3QN",
    "current_episode": 49,
    "agents_completed": 2,
    "total_agents": 3,
    "best_performance": 0.451670166015625,
    "training_interrupted": false
  },
  "metrics": {
    "episode_rewards": [
      0.10076291114091873,
      0.3394983410835266,
      0.3198785185813904,
      0.3732166290283203,
      0.32442623376846313,
      0.32306623458862305,
      0.3328529894351959,
      0.38661378622055054,
      0.2782234847545624,
      0.3066469132900238,
      0.32294613122940063,
      0.34429752826690674,
      0.4140463173389435,
      0.33132243156433105,
      0.3514203429222107,
      0.34053394198417664,
      0.25931021571159363,
      0.38787877559661865,
      0.4485603868961334,
      0.3505813181400299,
      0.36495882272720337,
      0.3495287299156189,
      0.293211966753006,
      0.29532989859580994,
      0.2813756763935089,
      0.29177865386009216,
      0.24864166975021362,
      0.36819013953208923,
      0.3191335201263428,
      0.32431599497795105,
      0.3770138919353485,
      0.3617664575576782,
      0.41016778349876404,
      0.4055907130241394,
      0.3938630223274231,
      0.3658575117588043,
      0.29803431034088135,
      0.3358399569988251,
      0.4917893707752228,
      0.3011212944984436,
      0.4099869132041931,
      0.27651479840278625,
      0.33460378646850586,
      0.3391515016555786,
      0.4054921269416809,
      0.4044610857963562,
      0.2865130305290222,
      0.42450380325317383,
      0.41998007893562317,
      0.35045501589775085
    ],
    "validation_scores": [
      [
        0,
        0.41293310546875006
      ],
      [
        10,
        0.3161568603515625
      ],
      [
        20,
        0.39880151367187505
      ],
      [
        30,
        0.37453857421875003
      ],
      [
        40,
        0.3856865234375
      ]
    ],
    "training_losses": [
      3.297477953947043,
      3.5120146857032295,
      3.7478075104926707,
      4.002106425731997,
      3.9815930128097534,
      4.0773055600717605,
      4.089022486219929,
      4.3596818867615,
      4.264402245469234,
      4.296505391648047,
      4.226512820308218,
      4.127109293897444,
      4.197456300409534,
      4.125723789814655,
      4.0634550662986335,
      3.8422611314033155,
      3.8687501421457604,
      4.006974250757241,
      4.102860200556019,
      4.027209035354325,
      3.919806751520825,
      4.039390984969803,
      4.028255999742178,
      4.055149634075567,
      4.122248240664035,
      3.926814643944366,
      3.7212623612287175,
      3.7256681453326586,
      3.797579924366142,
      3.722243062655131,
      3.8417730094008307,
      3.8942679771391147,
      3.928462922623389,
      4.085396427142469,
      4.236781127945783,
      4.2681047108605945,
      4.206439759560276,
      4.175960536646944,
      4.319500613313184,
      4.4808775431999175,
      4.461084578610674,
      4.352699408953703,
      4.264987396590318,
      4.262745437038599,
      4.371776073492026,
      4.456127895986984,
      4.16880709320181,
      4.107569711017206,
      4.211437188321528,
      4.279536812214912
    ],
    "best_validation": 0.41293310546875006,
    "best_episode": 0
  }
}