{
  "trial_number": 4,
  "objective_value": -10.0,
  "parameters": {
    "net_dims_0": 512,
    "net_dims_1": 192,
    "net_dims_2": 256,
    "learning_rate": 7.991621920384356e-06,
    "gamma": 0.9925635644493972,
    "explore_rate": 0.011336695817840537,
    "min_explore_rate": 0.03243039502909536,
    "batch_size": 1024,
    "buffer_size_multiplier": 7,
    "horizon_len_multiplier": 1,
    "repeat_times": 2,
    "soft_update_tau": 0.0009056311714376344,
    "state_value_tau": 0.008630829072672506,
    "num_sims": 64,
    "step_gap": 2,
    "slippage": 7.887102624766472e-07,
    "max_position": 2,
    "reward_type": "multi_objective",
    "conservatism_penalty_weight": 0.4192982228387266,
    "action_diversity_weight": 0.13019501624293395,
    "transaction_cost_weight": 0.2678666593598688,
    "risk_adjusted_return_weight": 0.3285425990883347,
    "conservatism_escalation_rate": 1.590892943188242,
    "activity_threshold": 0.4032693085526847,
    "regime_sensitivity": 0.5248817433917843,
    "exploration_decay_rate": 0.9946088375246935,
    "exploration_warmup_steps": 3038,
    "force_exploration_probability": 0.06806555113685049
  },
  "results": {
    "sharpe_ratio": -10.0,
    "total_return": -1.0,
    "max_drawdown": 1.0,
    "action_diversity": 0.0,
    "training_failed": true
  },
  "diversity_metrics": {
    "status": "warming_up",
    "total_steps": 0
  },
  "timestamp": "2025-07-27T15:59:42.159611"
}