{
  "agent_name": "AgentDoubleDQN",
  "success": true,
  "episodes_completed": 95,
  "training_time": 1807.430493593216,
  "best_validation_score": 0.4268924560546875,
  "best_episode": 0,
  "final_validation_score": 0.37324731445312503,
  "average_episode_reward": 0.3471286452130268,
  "final_episode_reward": 0.40768662095069885,
  "improvement": 0.22818434238433838,
  "training_stability": 0.04353020177076845,
  "convergence_episode": 0,
  "early_stopping_triggered": false,
  "total_validation_runs": 10,
  "metrics_history": {
    "episode_rewards": [
      0.17950227856636047,
      0.40301549434661865,
      0.3641468584537506,
      0.2973855435848236,
      0.3886093497276306,
      0.3219028115272522,
      0.3824591636657715,
      0.33144643902778625,
      0.28463757038116455,
      0.3741399347782135,
      0.32847997546195984,
      0.23378999531269073,
      0.27912473678588867,
      0.29320836067199707,
      0.33220627903938293,
      0.24411147832870483,
      0.2685585021972656,
      0.2690791189670563,
      0.3399953842163086,
      0.34445276856422424,
      0.34529510140419006,
      0.2721155285835266,
      0.3142050802707672,
      0.4213903248310089,
      0.41022518277168274,
      0.31391745805740356,
      0.316023051738739,
      0.27094149589538574,
      0.3146556615829468,
      0.3654828369617462,
      0.3561108410358429,
      0.3614160120487213,
      0.40470069646835327,
      0.31122151017189026,
      0.36834123730659485,
      0.2825986444950104,
      0.3882488012313843,
      0.42984625697135925,
      0.3962515592575073,
      0.3481151759624481,
      0.30660662055015564,
      0.36862361431121826,
      0.3789401352405548,
      0.43302273750305176,
      0.3231857419013977,
      0.4218914806842804,
      0.38449808955192566,
      0.3809555768966675,
      0.35781970620155334,
      0.30838289856910706,
      0.29996106028556824,
      0.3065798580646515,
      0.4171675145626068,
      0.47382059693336487,
      0.37987539172172546,
      0.3518209755420685,
      0.42444702982902527,
      0.3267233967781067,
      0.43882423639297485,
      0.402840793132782,
      0.2848536968231201,
      0.3592684864997864,
      0.31818702816963196,
      0.31650060415267944,
      0.3634476065635681,
      0.36395618319511414,
      0.3637354373931885,
      0.3431185185909271,
      0.29992491006851196,
      0.3814953863620758,
      0.32027262449264526,
      0.38738927245140076,
      0.34324926137924194,
      0.3943294584751129,
      0.3497545123100281,
      0.38066160678863525,
      0.3467869162559509,
      0.3537723422050476,
      0.3136521875858307,
      0.36113086342811584,
      0.3211643099784851,
      0.31604087352752686,
      0.3412032127380371,
      0.31797298789024353,
      0.32719138264656067,
      0.4078330099582672,
      0.3416265845298767,
      0.36331936717033386,
      0.3048657178878784,
      0.3198898434638977,
      0.3577822148799896,
      0.4503890872001648,
      0.4141795337200165,
      0.30324769020080566,
      0.40768662095069885
    ],
    "validation_scores": [
      [
        0,
        0.4268924560546875
      ],
      [
        10,
        0.33639770507812505
      ],
      [
        20,
        0.33614501953125
      ],
      [
        30,
        0.3181956787109375
      ],
      [
        40,
        0.3745694580078125
      ],
      [
        50,
        0.3761871337890625
      ],
      [
        60,
        0.40268603515625
      ],
      [
        70,
        0.3588125
      ],
      [
        80,
        0.32343286132812504
      ],
      [
        90,
        0.3970577392578125
      ]
    ],
    "training_losses": [
      3.1077228522501916,
      3.757156386254709,
      3.753575796718839,
      4.001204859053535,
      4.05490230125717,
      4.031483748894703,
      4.040040194133163,
      4.15590398241196,
      4.456063983309621,
      4.301825812496716,
      4.251839943274164,
      4.118205975983213,
      3.977627191966093,
      3.9100029789445774,
      3.8282671741292447,
      3.7406021076918656,
      3.5204986104482336,
      3.470236219233098,
      3.6675355922320723,
      3.6459467037820614,
      3.742766098935896,
      3.7107867764018256,
      3.8068928964027373,
      4.081108797652812,
      4.294372337981115,
      4.35098304064465,
      4.2765375282191025,
      4.30802296203903,
      4.25749914827226,
      4.377686423893216,
      4.43386614624458,
      4.228150492177231,
      4.274243160038558,
      4.336599418282006,
      4.422163687074235,
      4.447275607495368,
      4.490321660947196,
      4.594123010997531,
      4.466177831420415,
      4.392519251907928,
      4.1798113422554755,
      4.083279161513606,
      4.033415917505192,
      4.223633273945579,
      4.172225507402219,
      4.106967438625384,
      4.214465759373918,
      4.315602368543923,
      4.502616770056229,
      4.718927423058683,
      4.665114665534426,
      4.672638649377139,
      4.788684226591376,
      4.897670019729228,
      4.8765072925181325,
      4.853993184053445,
      4.780039910827508,
      4.772401903047843,
      4.9189571208591705,
      4.796386907975885,
      4.717867849245353,
      4.609928099113175,
      4.655161800666197,
      4.64463236241401,
      4.547596962743671,
      4.483676225827213,
      4.4329474437085885,
      4.309676125482165,
      4.197541716732556,
      4.128587183871852,
      4.04165506574172,
      3.9754384096161726,
      3.9166169411019434,
      3.9312151242912066,
      3.796520025116482,
      4.012723955122228,
      4.187662329452451,
      4.165280189192245,
      4.199997508576148,
      4.311223290741192,
      4.357366630497864,
      4.285480577633853,
      4.326315608306273,
      4.1873176229653986,
      4.208880171192346,
      4.360125585447384,
      4.395198016428243,
      4.341101299257721,
      4.256323827972895,
      4.21885292027067,
      4.210048670205386,
      4.27359582412092,
      4.32471895388913,
      4.294517231490541,
      4.29149757306787
    ]
  }
}