{
  "episode": 99,
  "timestamp": "2025-07-25T13:55:41.181842",
  "training_state": {
    "session_start_time": 1753417499.0270116,
    "current_agent": "AgentTwinD3QN",
    "current_episode": 99,
    "agents_completed": 2,
    "total_agents": 3,
    "best_performance": 0.451670166015625,
    "training_interrupted": false
  },
  "metrics": {
    "episode_rewards": [
      0.10076291114091873,
      0.3394983410835266,
      0.3198785185813904,
      0.3732166290283203,
      0.32442623376846313,
      0.32306623458862305,
      0.3328529894351959,
      0.38661378622055054,
      0.2782234847545624,
      0.3066469132900238,
      0.32294613122940063,
      0.34429752826690674,
      0.4140463173389435,
      0.33132243156433105,
      0.3514203429222107,
      0.34053394198417664,
      0.25931021571159363,
      0.38787877559661865,
      0.4485603868961334,
      0.3505813181400299,
      0.36495882272720337,
      0.3495287299156189,
      0.293211966753006,
      0.29532989859580994,
      0.2813756763935089,
      0.29177865386009216,
      0.24864166975021362,
      0.36819013953208923,
      0.3191335201263428,
      0.32431599497795105,
      0.3770138919353485,
      0.3617664575576782,
      0.41016778349876404,
      0.4055907130241394,
      0.3938630223274231,
      0.3658575117588043,
      0.29803431034088135,
      0.3358399569988251,
      0.4917893707752228,
      0.3011212944984436,
      0.4099869132041931,
      0.27651479840278625,
      0.33460378646850586,
      0.3391515016555786,
      0.4054921269416809,
      0.4044610857963562,
      0.2865130305290222,
      0.42450380325317383,
      0.41998007893562317,
      0.35045501589775085,
      0.393433541059494,
      0.3666065037250519,
      0.32993215322494507,
      0.36038124561309814,
      0.35041844844818115,
      0.4083705246448517,
      0.44418853521347046,
      0.3271578252315521,
      0.3597152531147003,
      0.3803524374961853,
      0.3532021641731262,
      0.3416825234889984,
      0.3470188081264496,
      0.35028791427612305,
      0.334022581577301,
      0.4028288424015045,
      0.2691248655319214,
      0.3428438901901245,
      0.35815274715423584,
      0.36489537358283997,
      0.3745492100715637,
      0.27542874217033386,
      0.3203449547290802,
      0.3364781141281128,
      0.45539364218711853,
      0.312028706073761,
      0.35981446504592896,
      0.3531925678253174,
      0.3424748182296753,
      0.3194766640663147,
      0.3938525915145874,
      0.2875238060951233,
      0.33435460925102234,
      0.329740047454834,
      0.40914198756217957,
      0.31021538376808167,
      0.41515588760375977,
      0.3839576840400696,
      0.31025803089141846,
      0.36556679010391235,
      0.3304018974304199,
      0.3900929391384125,
      0.3104226291179657,
      0.35433778166770935,
      0.3240666091442108,
      0.34909844398498535,
      0.4252031445503235,
      0.394665390253067,
      0.3378151059150696,
      0.33466312289237976
    ],
    "validation_scores": [
      [
        0,
        0.41293310546875006
      ],
      [
        10,
        0.3161568603515625
      ],
      [
        20,
        0.39880151367187505
      ],
      [
        30,
        0.37453857421875003
      ],
      [
        40,
        0.3856865234375
      ],
      [
        50,
        0.3616226806640625
      ],
      [
        60,
        0.385527099609375
      ],
      [
        70,
        0.40490832519531245
      ],
      [
        80,
        0.27833972167968746
      ],
      [
        90,
        0.39912817382812504
      ]
    ],
    "training_losses": [
      3.297477953947043,
      3.5120146857032295,
      3.7478075104926707,
      4.002106425731997,
      3.9815930128097534,
      4.0773055600717605,
      4.089022486219929,
      4.3596818867615,
      4.264402245469234,
      4.296505391648047,
      4.226512820308218,
      4.127109293897444,
      4.197456300409534,
      4.125723789814655,
      4.0634550662986335,
      3.8422611314033155,
      3.8687501421457604,
      4.006974250757241,
      4.102860200556019,
      4.027209035354325,
      3.919806751520825,
      4.039390984969803,
      4.028255999742178,
      4.055149634075567,
      4.122248240664035,
      3.926814643944366,
      3.7212623612287175,
      3.7256681453326586,
      3.797579924366142,
      3.722243062655131,
      3.8417730094008307,
      3.8942679771391147,
      3.928462922623389,
      4.085396427142469,
      4.236781127945783,
      4.2681047108605945,
      4.206439759560276,
      4.175960536646944,
      4.319500613313184,
      4.4808775431999175,
      4.461084578610674,
      4.352699408953703,
      4.264987396590318,
      4.262745437038599,
      4.371776073492026,
      4.456127895986984,
      4.16880709320181,
      4.107569711017206,
      4.211437188321528,
      4.279536812214912,
      4.372837178817782,
      4.403644541849064,
      4.373618938751864,
      4.399606388731848,
      4.349701761495212,
      4.361717502980293,
      4.324266620024347,
      4.25854641053244,
      4.163546702328613,
      4.1531777170640005,
      4.222041425322682,
      4.2181356736879305,
      4.3267218316154645,
      4.255420649604958,
      4.186811344030034,
      4.361717695425331,
      4.353189961115519,
      4.327705318515311,
      4.341976245646738,
      4.360144133809246,
      4.343725999296969,
      4.274757403462245,
      4.349587501051054,
      4.135590866044604,
      4.294025167734814,
      4.324317650251751,
      4.462129186779135,
      4.387718510527148,
      4.371004214467882,
      4.418547143010651,
      4.4581634533556205,
      4.588697239417064,
      4.433165416033459,
      4.412418630354515,
      4.245444936490763,
      4.229606084179777,
      4.289693649509285,
      4.305235382172628,
      4.178866168114706,
      4.331186530660476,
      4.438841750048383,
      4.444480256088675,
      4.477243333627403,
      4.658680111949454,
      4.582537509016849,
      4.676069967052604,
      4.757018308297491,
      4.672269689483482,
      4.682332996376456,
      4.7586518432520615
    ],
    "best_validation": 0.41293310546875006,
    "best_episode": 0
  }
}