{
  "agent_name": "AgentD3QN",
  "success": true,
  "episodes_completed": 92,
  "training_time": 1820.5796477794647,
  "best_validation_score": 0.451670166015625,
  "best_episode": 40,
  "final_validation_score": 0.38931286621093747,
  "average_episode_reward": 0.3532066455353861,
  "final_episode_reward": 0.373967707157135,
  "improvement": 0.19161443412303925,
  "training_stability": 0.04772549569971106,
  "convergence_episode": 40,
  "early_stopping_triggered": false,
  "total_validation_runs": 10,
  "metrics_history": {
    "episode_rewards": [
      0.18235327303409576,
      0.43438807129859924,
      0.34146806597709656,
      0.3438833951950073,
      0.44272544980049133,
      0.41400575637817383,
      0.3649367690086365,
      0.35006800293922424,
      0.28532448410987854,
      0.42676904797554016,
      0.29296329617500305,
      0.3582385778427124,
      0.3256811201572418,
      0.3421359956264496,
      0.39864858984947205,
      0.3165632486343384,
      0.27533861994743347,
      0.3809218108654022,
      0.31872373819351196,
      0.3135024309158325,
      0.3306117355823517,
      0.38252902030944824,
      0.33420637249946594,
      0.42280295491218567,
      0.31648340821266174,
      0.4351578950881958,
      0.36804044246673584,
      0.5049781799316406,
      0.32037875056266785,
      0.3343093693256378,
      0.3618786334991455,
      0.44428279995918274,
      0.3507711589336395,
      0.33303943276405334,
      0.3759644031524658,
      0.3529515266418457,
      0.42285990715026855,
      0.3942064642906189,
      0.3317720592021942,
      0.3223975896835327,
      0.3813517689704895,
      0.34520649909973145,
      0.38407450914382935,
      0.3397360146045685,
      0.37875398993492126,
      0.37129688262939453,
      0.41874125599861145,
      0.40161019563674927,
      0.3685358464717865,
      0.3266700506210327,
      0.37629157304763794,
      0.2759631872177124,
      0.35980167984962463,
      0.2879140079021454,
      0.30865103006362915,
      0.31210988759994507,
      0.2436315417289734,
      0.36412790417671204,
      0.34393006563186646,
      0.3775618374347687,
      0.44860902428627014,
      0.40311965346336365,
      0.3378176987171173,
      0.38455289602279663,
      0.3239993453025818,
      0.3644658923149109,
      0.2965925335884094,
      0.37934765219688416,
      0.31980517506599426,
      0.3363209068775177,
      0.4161475896835327,
      0.3007848560810089,
      0.34079980850219727,
      0.35259583592414856,
      0.2650386393070221,
      0.3921222984790802,
      0.3576497435569763,
      0.4187207520008087,
      0.3550318777561188,
      0.3542340397834778,
      0.3784765899181366,
      0.3648649752140045,
      0.45949211716651917,
      0.3298976421356201,
      0.27167630195617676,
      0.3117939531803131,
      0.3091016113758087,
      0.2897430956363678,
      0.341176837682724,
      0.24838970601558685,
      0.35445305705070496,
      0.373967707157135
    ],
    "validation_scores": [
      [
        0,
        0.3769739990234375
      ],
      [
        10,
        0.3236280517578125
      ],
      [
        20,
        0.4233145751953125
      ],
      [
        30,
        0.413041015625
      ],
      [
        40,
        0.451670166015625
      ],
      [
        50,
        0.3638087158203125
      ],
      [
        60,
        0.41726147460937496
      ],
      [
        70,
        0.23693603515625
      ],
      [
        80,
        0.306407958984375
      ],
      [
        90,
        0.297505615234375
      ]
    ],
    "training_losses": [
      3.483580273917959,
      3.8887324030389263,
      3.9191600191945266,
      3.94141458619999,
      4.120721893873899,
      4.222348437530582,
      4.236314632520394,
      4.2673297183926095,
      4.255182584428586,
      4.229201597302271,
      4.251254131321162,
      4.25899367020603,
      4.089664470394956,
      4.030541996211443,
      4.055483701963465,
      4.115853148170665,
      4.054982637353084,
      4.029521065019857,
      3.9869476388778367,
      3.9512959087951276,
      3.923517050119392,
      3.9857141710031887,
      3.9485969095793454,
      4.019193522437212,
      4.112891859042493,
      4.178948840712696,
      4.253959445108341,
      4.50658906693197,
      4.592438196230538,
      4.5068992413548985,
      4.6448924715508895,
      4.718138894853713,
      4.611321926217542,
      4.561927288695227,
      4.530776667393712,
      4.352290744922332,
      4.531104674620971,
      4.587917827151496,
      4.405573065371453,
      4.286461312056594,
      4.3801514473645495,
      4.344924367932831,
      4.348752186670585,
      4.3066877994859265,
      4.060861465397767,
      3.956699439241916,
      4.115597030683912,
      4.188720633007806,
      4.176054775362779,
      4.216495989244195,
      4.331298082287302,
      4.4429374475519365,
      4.592934015330383,
      4.574158258578948,
      4.488632414210195,
      4.403949481424903,
      4.288001321639693,
      4.311738822228798,
      4.260188818581496,
      4.208046910833206,
      4.305455271503593,
      4.401874880549274,
      4.406550385076788,
      4.471060042542244,
      4.673419580982707,
      4.58786177001422,
      4.535706214462151,
      4.653529252885263,
      4.3863165237732575,
      4.338241460454112,
      4.450621864866104,
      4.369567528354468,
      4.304568425914909,
      4.424497426612468,
      4.376099349879011,
      4.366523466432145,
      4.547099734861639,
      4.635254078172933,
      4.614600850157597,
      4.585296526236876,
      4.544887123932818,
      4.5717385161275095,
      4.687343917315519,
      4.522264467915402,
      4.4621468428318005,
      4.415762109997906,
      4.319872114225782,
      4.370333876891478,
      4.413490095923218,
      4.38320671566428,
      4.238155388731494,
      4.412567606555761
    ]
  }
}