{
  "episode": 49,
  "timestamp": "2025-07-25T12:40:57.116278",
  "training_state": {
    "session_start_time": 1753417499.0270116,
    "current_agent": "AgentD3QN",
    "current_episode": 49,
    "agents_completed": 0,
    "total_agents": 3,
    "best_performance": -Infinity,
    "training_interrupted": false
  },
  "metrics": {
    "episode_rewards": [
      0.18235327303409576,
      0.43438807129859924,
      0.34146806597709656,
      0.3438833951950073,
      0.44272544980049133,
      0.41400575637817383,
      0.3649367690086365,
      0.35006800293922424,
      0.28532448410987854,
      0.42676904797554016,
      0.29296329617500305,
      0.3582385778427124,
      0.3256811201572418,
      0.3421359956264496,
      0.39864858984947205,
      0.3165632486343384,
      0.27533861994743347,
      0.3809218108654022,
      0.31872373819351196,
      0.3135024309158325,
      0.3306117355823517,
      0.38252902030944824,
      0.33420637249946594,
      0.42280295491218567,
      0.31648340821266174,
      0.4351578950881958,
      0.36804044246673584,
      0.5049781799316406,
      0.32037875056266785,
      0.3343093693256378,
      0.3618786334991455,
      0.44428279995918274,
      0.3507711589336395,
      0.33303943276405334,
      0.3759644031524658,
      0.3529515266418457,
      0.42285990715026855,
      0.3942064642906189,
      0.3317720592021942,
      0.3223975896835327,
      0.3813517689704895,
      0.34520649909973145,
      0.38407450914382935,
      0.3397360146045685,
      0.37875398993492126,
      0.37129688262939453,
      0.41874125599861145,
      0.40161019563674927,
      0.3685358464717865,
      0.3266700506210327
    ],
    "validation_scores": [
      [
        0,
        0.3769739990234375
      ],
      [
        10,
        0.3236280517578125
      ],
      [
        20,
        0.4233145751953125
      ],
      [
        30,
        0.413041015625
      ],
      [
        40,
        0.451670166015625
      ]
    ],
    "training_losses": [
      3.483580273917959,
      3.8887324030389263,
      3.9191600191945266,
      3.94141458619999,
      4.120721893873899,
      4.222348437530582,
      4.236314632520394,
      4.2673297183926095,
      4.255182584428586,
      4.229201597302271,
      4.251254131321162,
      4.25899367020603,
      4.089664470394956,
      4.030541996211443,
      4.055483701963465,
      4.115853148170665,
      4.054982637353084,
      4.029521065019857,
      3.9869476388778367,
      3.9512959087951276,
      3.923517050119392,
      3.9857141710031887,
      3.9485969095793454,
      4.019193522437212,
      4.112891859042493,
      4.178948840712696,
      4.253959445108341,
      4.50658906693197,
      4.592438196230538,
      4.5068992413548985,
      4.6448924715508895,
      4.718138894853713,
      4.611321926217542,
      4.561927288695227,
      4.530776667393712,
      4.352290744922332,
      4.531104674620971,
      4.587917827151496,
      4.405573065371453,
      4.286461312056594,
      4.3801514473645495,
      4.344924367932831,
      4.348752186670585,
      4.3066877994859265,
      4.060861465397767,
      3.956699439241916,
      4.115597030683912,
      4.188720633007806,
      4.176054775362779,
      4.216495989244195
    ],
    "best_validation": 0.451670166015625,
    "best_episode": 40
  }
}