{
  "gpu_id": 0,
  "num_sims": 16,
  "num_ignore_step": 60,
  "max_position": 3,
  "step_gap": 2,
  "slippage": 8.115232262323749e-07,
  "starting_cash": 1000000.0,
  "net_dims": [
    128,
    128,
    128
  ],
  "gamma": 0.9921711590507164,
  "explore_rate": 0.0033739136335981623,
  "state_value_tau": 0.01681694431596554,
  "soft_update_tau": 1.7896294756529793e-06,
  "learning_rate": 9.528082438605629e-06,
  "batch_size": 256,
  "break_step": 16,
  "buffer_size_multiplier": 2,
  "repeat_times": 1,
  "horizon_len_multiplier": 1,
  "eval_per_step_multiplier": 1,
  "num_workers": 1,
  "save_gap": 8,
  "data_length": 6000,
  "state_dim": 41
}