{
  "episode": 49,
  "timestamp": "2025-07-25T13:11:45.556547",
  "training_state": {
    "session_start_time": 1753417499.0270116,
    "current_agent": "AgentDoubleDQN",
    "current_episode": 49,
    "agents_completed": 1,
    "total_agents": 3,
    "best_performance": 0.451670166015625,
    "training_interrupted": false
  },
  "metrics": {
    "episode_rewards": [
      0.17950227856636047,
      0.40301549434661865,
      0.3641468584537506,
      0.2973855435848236,
      0.3886093497276306,
      0.3219028115272522,
      0.3824591636657715,
      0.33144643902778625,
      0.28463757038116455,
      0.3741399347782135,
      0.32847997546195984,
      0.23378999531269073,
      0.27912473678588867,
      0.29320836067199707,
      0.33220627903938293,
      0.24411147832870483,
      0.2685585021972656,
      0.2690791189670563,
      0.3399953842163086,
      0.34445276856422424,
      0.34529510140419006,
      0.2721155285835266,
      0.3142050802707672,
      0.4213903248310089,
      0.41022518277168274,
      0.31391745805740356,
      0.316023051738739,
      0.27094149589538574,
      0.3146556615829468,
      0.3654828369617462,
      0.3561108410358429,
      0.3614160120487213,
      0.40470069646835327,
      0.31122151017189026,
      0.36834123730659485,
      0.2825986444950104,
      0.3882488012313843,
      0.42984625697135925,
      0.3962515592575073,
      0.3481151759624481,
      0.30660662055015564,
      0.36862361431121826,
      0.3789401352405548,
      0.43302273750305176,
      0.3231857419013977,
      0.4218914806842804,
      0.38449808955192566,
      0.3809555768966675,
      0.35781970620155334,
      0.30838289856910706
    ],
    "validation_scores": [
      [
        0,
        0.4268924560546875
      ],
      [
        10,
        0.33639770507812505
      ],
      [
        20,
        0.33614501953125
      ],
      [
        30,
        0.3181956787109375
      ],
      [
        40,
        0.3745694580078125
      ]
    ],
    "training_losses": [
      3.1077228522501916,
      3.757156386254709,
      3.753575796718839,
      4.001204859053535,
      4.05490230125717,
      4.031483748894703,
      4.040040194133163,
      4.15590398241196,
      4.456063983309621,
      4.301825812496716,
      4.251839943274164,
      4.118205975983213,
      3.977627191966093,
      3.9100029789445774,
      3.8282671741292447,
      3.7406021076918656,
      3.5204986104482336,
      3.470236219233098,
      3.6675355922320723,
      3.6459467037820614,
      3.742766098935896,
      3.7107867764018256,
      3.8068928964027373,
      4.081108797652812,
      4.294372337981115,
      4.35098304064465,
      4.2765375282191025,
      4.30802296203903,
      4.25749914827226,
      4.377686423893216,
      4.43386614624458,
      4.228150492177231,
      4.274243160038558,
      4.336599418282006,
      4.422163687074235,
      4.447275607495368,
      4.490321660947196,
      4.594123010997531,
      4.466177831420415,
      4.392519251907928,
      4.1798113422554755,
      4.083279161513606,
      4.033415917505192,
      4.223633273945579,
      4.172225507402219,
      4.106967438625384,
      4.214465759373918,
      4.315602368543923,
      4.502616770056229,
      4.718927423058683
    ],
    "best_validation": 0.4268924560546875,
    "best_episode": 0
  }
}