{
  "net_dims_0": 64,
  "net_dims_1": 320,
  "net_dims_2": 128,
  "learning_rate": 1.5673095467235414e-06,
  "gamma": 0.99853996983528,
  "explore_rate": 0.08536189862866832,
  "batch_size": 128,
  "buffer_size_multiplier": 9,
  "horizon_len_multiplier": 1,
  "repeat_times": 2,
  "soft_update_tau": 1.2681352169084602e-06,
  "state_value_tau": 0.01863980603118173,
  "num_sims": 64,
  "step_gap": 3,
  "slippage": 3.5856126103453905e-08,
  "max_position": 3,
  "n_ensemble_agents": 4,
  "agent_0": "AgentD3QN",
  "agent_1": "AgentD3QN",
  "agent_2": "AgentTwinD3QN",
  "agent_3": "AgentDoubleDQN"
}