{
  "timestamp": "2025-07-30T18:52:52.094964",
  "original_features": 41,
  "selected_features": [
    "existing_2",
    "existing_5",
    "existing_0",
    "zscore_spread_z_score_60",
    "regime_minus_di",
    "regime_plus_di",
    "transform_frac_diff",
    "micro_amihud_illiquidity",
    "micro_kyles_lambda",
    "zscore_midpoint_z_score_60",
    "zscore_midpoint_z_score_20",
    "time_dow_cos",
    "vol_vol_persistence",
    "time_hour_sin",
    "regime_adx"
  ],
  "n_selected": 15,
  "importance_scores": {
    "XGBoost": {
      "position_norm": 0.0,
      "holding_norm": 0.0,
      "micro_bid_arrival_rate": 0.0,
      "micro_ask_arrival_rate": 0.0,
      "micro_order_arrival_imbalance": 0.0,
      "micro_cancellation_rate": 0.0029881708323955536,
      "micro_bid_cancellation_rate": 0.0015144863864406943,
      "micro_ask_cancellation_rate": 0.00020268284424673766,
      "micro_kyles_lambda": 0.009926996193826199,
      "micro_amihud_illiquidity": 0.008214245550334454,
      "regime_adx": 0.011048462241888046,
      "regime_plus_di": 0.011217940598726273,
      "regime_minus_di": 0.011659870855510235,
      "regime_trend_strength": 0.0,
      "transform_frac_diff": 0.013290601782500744,
      "time_hour_sin": 0.012841597199440002,
      "time_hour_cos": 0.01319937501102686,
      "time_dow_sin": 0.011445064097642899,
      "time_dow_cos": 0.016282211989164352,
      "time_minute_sin": 0.005844462662935257,
      "time_minute_cos": 0.005952898878604174,
      "zscore_midpoint_z_score_5": 0.0034873795229941607,
      "zscore_midpoint_z_score_20": 0.0075202505104243755,
      "zscore_midpoint_z_score_60": 0.008254345506429672,
      "zscore_spread_z_score_5": 0.002456948859617114,
      "zscore_spread_z_score_20": 0.005855288822203875,
      "zscore_spread_z_score_60": 0.009668770246207714,
      "volatility_garch": 0.010245866142213345,
      "vol_vol_regime_low": 0.0,
      "vol_vol_regime_medium": 0.005040529649704695,
      "vol_vol_regime_high": 0.0,
      "vol_vol_persistence": 0.004875939805060625,
      "transform_spread_regime_norm": 0.00584333436563611,
      "existing_0": 0.01603454165160656,
      "existing_1": 0.009169558063149452,
      "existing_2": 0.5811627507209778,
      "existing_3": 0.1460588425397873,
      "existing_4": 0.0153404101729393,
      "existing_5": 0.010883179493248463,
      "existing_6": 0.011625624261796474,
      "existing_7": 0.010847370140254498
    },
    "RandomForest": {
      "position_norm": 0.0,
      "holding_norm": 0.0,
      "micro_bid_arrival_rate": 0.0,
      "micro_ask_arrival_rate": 0.0,
      "micro_order_arrival_imbalance": 0.0,
      "micro_cancellation_rate": 0.0014304565610907998,
      "micro_bid_cancellation_rate": 0.0007481273180693395,
      "micro_ask_cancellation_rate": 0.0011195199449806606,
      "micro_kyles_lambda": 0.006860470194636813,
      "micro_amihud_illiquidity": 0.004154509150772549,
      "regime_adx": 0.005971725199107326,
      "regime_plus_di": 0.00526618673977262,
      "regime_minus_di": 0.005312207157596794,
      "regime_trend_strength": 0.00015721068759704584,
      "transform_frac_diff": 0.041819608697819664,
      "time_hour_sin": 0.00343431060450454,
      "time_hour_cos": 0.0034983400215204395,
      "time_dow_sin": 0.002341631253361241,
      "time_dow_cos": 0.0016153378045359816,
      "time_minute_sin": 0.0029773773479837445,
      "time_minute_cos": 0.002950199749860207,
      "zscore_midpoint_z_score_5": 0.003125975515882882,
      "zscore_midpoint_z_score_20": 0.004239448348339167,
      "zscore_midpoint_z_score_60": 0.0051670634691842465,
      "zscore_spread_z_score_5": 0.001974922122435828,
      "zscore_spread_z_score_20": 0.0039009950468737635,
      "zscore_spread_z_score_60": 0.005295010161768906,
      "volatility_garch": 0.006169095348546589,
      "vol_vol_regime_low": 0.0003435647958360597,
      "vol_vol_regime_medium": 0.0003775164734724447,
      "vol_vol_regime_high": 0.00042130295042346,
      "vol_vol_persistence": 0.005127275706134227,
      "transform_spread_regime_norm": 0.002022943563112007,
      "existing_0": 0.04504929115168307,
      "existing_1": 0.10114563416390694,
      "existing_2": 0.2673926213458342,
      "existing_3": 0.2419838578472462,
      "existing_4": 0.1300363750755888,
      "existing_5": 0.03981225869943959,
      "existing_6": 0.03103057602840357,
      "existing_7": 0.015727053752678327
    },
    "MutualInformation": {
      "position_norm": 0.0010380471302939842,
      "holding_norm": 0.0007368106635272653,
      "micro_bid_arrival_rate": 0.0,
      "micro_ask_arrival_rate": 0.002278973133423845,
      "micro_order_arrival_imbalance": 0.003653547415250813,
      "micro_cancellation_rate": 0.0015783309386387945,
      "micro_bid_cancellation_rate": 6.152363317379894e-05,
      "micro_ask_cancellation_rate": 0.002777725498383621,
      "micro_kyles_lambda": 0.0022925697423230584,
      "micro_amihud_illiquidity": 0.01319965085846353,
      "regime_adx": 0.0,
      "regime_plus_di": 0.04484419301561693,
      "regime_minus_di": 0.053232486087305686,
      "regime_trend_strength": 0.002368920111738282,
      "transform_frac_diff": 0.0024153027435576124,
      "time_hour_sin": 0.0015585206165520393,
      "time_hour_cos": 0.0009213836956261101,
      "time_dow_sin": 8.731609916545757e-05,
      "time_dow_cos": 0.0026630527191846554,
      "time_minute_sin": 0.0,
      "time_minute_cos": 0.0,
      "zscore_midpoint_z_score_5": 0.0,
      "zscore_midpoint_z_score_20": 0.004171810817639399,
      "zscore_midpoint_z_score_60": 0.003413495774413411,
      "zscore_spread_z_score_5": 0.0015988946105709445,
      "zscore_spread_z_score_20": 0.016883051948909378,
      "zscore_spread_z_score_60": 0.057973624840500504,
      "volatility_garch": 0.0013168560551675146,
      "vol_vol_regime_low": 0.0,
      "vol_vol_regime_medium": 0.0035364087718263715,
      "vol_vol_regime_high": 0.003983402448775708,
      "vol_vol_persistence": 0.0032041781091023402,
      "transform_spread_regime_norm": 0.0002115910920046371,
      "existing_0": 0.04324011479662482,
      "existing_1": 0.10260355234967489,
      "existing_2": 0.17147098466723243,
      "existing_3": 0.16380093035714993,
      "existing_4": 0.1099227601523336,
      "existing_5": 0.0779154239832649,
      "existing_6": 0.04163180052258797,
      "existing_7": 0.01979164957004076
    }
  },
  "feature_names": [
    "position_norm",
    "holding_norm",
    "micro_bid_arrival_rate",
    "micro_ask_arrival_rate",
    "micro_order_arrival_imbalance",
    "micro_cancellation_rate",
    "micro_bid_cancellation_rate",
    "micro_ask_cancellation_rate",
    "micro_kyles_lambda",
    "micro_amihud_illiquidity",
    "regime_adx",
    "regime_plus_di",
    "regime_minus_di",
    "regime_trend_strength",
    "transform_frac_diff",
    "time_hour_sin",
    "time_hour_cos",
    "time_dow_sin",
    "time_dow_cos",
    "time_minute_sin",
    "time_minute_cos",
    "zscore_midpoint_z_score_5",
    "zscore_midpoint_z_score_20",
    "zscore_midpoint_z_score_60",
    "zscore_spread_z_score_5",
    "zscore_spread_z_score_20",
    "zscore_spread_z_score_60",
    "volatility_garch",
    "vol_vol_regime_low",
    "vol_vol_regime_medium",
    "vol_vol_regime_high",
    "vol_vol_persistence",
    "transform_spread_regime_norm",
    "existing_0",
    "existing_1",
    "existing_2",
    "existing_3",
    "existing_4",
    "existing_5",
    "existing_6",
    "existing_7"
  ]
}